{
    "flower": "tag:forge:storage_blocks/osmium",
    "maxTimeInHive": 2400,
    "traits": [],
    "hasHoneycomb": true,
    "baseLayerTexture": "ato/osmium_bee",
    "ColorData": {
        "primaryColor": "#BDCBD4",
        "secondaryColor": "#BDCBD4",
        "honeycombColor": "#BDCBD4",
        "primaryLayerTexture": "empty_layer",
        "secondaryLayerTexture": "empty_layer",
        "emissiveLayerTexture": "empty_layer",
        "isBeeColored": false,
        "isRainbowBee": false,
        "isGlowing": false,
        "glowColor": "#BDCBD4",
        "isEnchanted": false,
        "glowingPulse": 0,
        "modelType": "ORE"
    },
    "CombatData": {
        "isPassive": true,
        "removeStingerOnAttack": true,
        "inflictsPoison": true,
        "attackDamage": 1
    },
    "MutationData": {
        "hasMutation": true,
        "mutationCount": 1,
        "mutations": [{
            "type": "BLOCK_TO_ITEM",
            "inputID": "resourcefulbees:osmium_honeycomb_block",
            "outputs": [{
                    "outputID": "alltheores:osmium_ingot",
                    "weight": 80
                },
                {
                    "outputID": "resourcefulbees:osmium_bee_spawn_egg",
                    "weight": 20
                }
            ]
        }]
    },
    "CentrifugeData": {
        "hasCentrifugeOutput": true,
        "mainInputCount": 1,
        "mainOutput": "alltheores:ore_osmium",
        "mainOutputWeight": 0.50,
        "mainOutputCount": 1,
        "mainNBTData": {},
        "secondaryOutput": "alltheores:osmium_ingot",
        "secondaryOutputWeight": 0.01,
        "secondaryOutputCount": 2,
        "secondaryNBTData": {},
        "bottleOutput": "minecraft:honey_bottle",
        "bottleOutputWeight": 0.25,
        "bottleOutputCount": 1,
        "bottleNBTData": {},
        "recipeTime": 200,
        "hasFluidOutput": false
    },
    "SpawnData": {
        "canSpawnInWorld": false,
        "biomeWhitelist": "",
        "biomeBlacklist": "",
        "spawnWeight": 2,
        "minYLevel": 0,
        "maxYLevel": 255,
        "minGroupSize": 1,
        "maxGroupSize": 3,
        "lightLevel": "ANY"
    },
    "BreedData": {
        "isBreedable": true,
        "parent1": "Iron",
        "parent2": "Redstone",
        "breedWeight": 10,
        "breedChance": 0.60,
        "feedItem": "tag:forge:storage_blocks/osmium",
        "feedAmount": 5,
        "childGrowthDelay": -24000,
        "breedDelay": 6000
    },
    "TraitData": {
        "hasTraits": false
    }
}