{
    "flower": "",
    "maxTimeInHive": 1200,
    "traits": [""],
    "hasHoneycomb": true,
    "baseLayerTexture": "",
    "ColorData": {
        "primaryColor": "#ffcc99",
        "secondaryColor": "#ffcc99",
        "honeycombColor": "#ffcc99",
        "primaryLayerTexture": "/custom/primary_layer",
        "secondaryLayerTexture": "/custom/secondary_layer",
        "emissiveLayerTexture": "empty_layer",
        "isBeeColored": false,
        "isRainbowBee": false,
        "isGlowing": false,
        "glowColor": "#ffcc99",
        "isEnchanted": false,
        "glowingPulse": 0,
        "modelType": "ORE"
    },
    "CombatData": {
        "isPassive": true,
        "removeStingerOnAttack": true,
        "inflictsPoison": true,
        "attackDamage": 1
    },
    "MutationData": {
        "hasMutation": true,
        "mutationCount": 1,
        "mutations": [{
                "type": "BLOCK_TO_ITEM",
                "inputID": "resourcefulbees:_honeycomb_block",
                "outputs": [{
                        "outputID": "",
                        "weight": 80
                    },
                    {
                        "outputID": "resourcefulbees:_bee_spawn_egg",
                        "weight": 20
                    }
                ]
            }
        ]
    },
    "CentrifugeData": {
        "hasCentrifugeOutput": true,
        "mainInputCount": 4,
        "mainOutput": "",
        "mainOutputWeight": 0.50,
        "mainOutputCount": 1,
        "mainNBTData": {},
        "secondaryOutput": "",
        "secondaryOutputWeight": 0.01,
        "secondaryOutputCount": 2,
        "secondaryNBTData": {},
        "bottleOutput": "minecraft:honey_bottle",
        "bottleOutputWeight": 0.25,
        "bottleOutputCount": 1,
        "bottleNBTData": {},
        "recipeTime": 200,
        "hasFluidOutput": false
    },
    "SpawnData": {
        "canSpawnInWorld": false,
        "biomeWhitelist": "",
        "biomeBlacklist": "",
        "spawnWeight": 2,
        "minYLevel": 0,
        "maxYLevel": 255,
        "minGroupSize": 1,
        "maxGroupSize": 3,
        "lightLevel": "ANY"
    },
    "BreedData": {
        "isBreedable": true,
        "parent1": "",
        "parent2": "",
        "breedWeight": 10,
        "breedChance": 0.6,
        "feedItem": "",
        "feedAmount": 5,
        "childGrowthDelay": -24000,
        "breedDelay": 6000
    },
    "TraitData": {
        "hasTraits": false
    }
}