{
    "flower": "kubejs:atm_star_block",
    "maxTimeInHive": 1200,
    "traits": ["starry"],
    "sizeModifier": 2.0,
    "hasHoneycomb": true,
    "apiaryOutputAmounts": [1,1,1,1],
	"apiaryOutputTypes": ["COMB", "COMB", "COMB", "COMB"],
    "baseLayerTexture": "special/starry_bee_primary_layer",
    "ColorData": {
        "primaryColor": "#FFA500",
        "secondaryColor": "#FFA500",
        "honeycombColor": "#FFA500",
        "primaryLayerTexture": "empty_layer",
        "secondaryLayerTexture": "special/starry_bee_secondary_layer",
        "emissiveLayerTexture": "special/starry_bee_emissive",
        "isBeeColored": true,
        "isRainbowBee": false,
        "isGlowing": true,
        "glowColor": "#FFA500",
        "isEnchanted": false,
        "glowingPulse": 1,
        "modelType": "QUEEN"
    },
    "CombatData": {
        "isPassive": false,
        "removeStingerOnAttack": false,
        "inflictsPoison": false,
        "attackDamage": 10
    },
    "MutationData": {
        "hasMutation": false
    },
    "CentrifugeData": {
        "hasCentrifugeOutput": true,
        "mainInputCount": 1,
        "mainOutput": "kubejs:patrick_star",
        "mainOutputWeight": 0.99,
        "mainOutputCount": 1,
        "secondaryOutput": "atmadditions:atm_star",
        "secondaryOutputWeight": 0.01,
        "secondaryOutputCount": 1,
        "bottleOutput": "minecraft:bottle",
        "bottleOutputWeight": 0,
        "bottleOutputCount": 0,
        "recipeTime": 200,
        "hasFluidoutput": false
    },
    "SpawnData": {
        "canSpawnInWorld": false
    },
    "BreedData": {
        "isBreedable": false
    },
    "TraitData": {
        "hasTraits": true
    }
}
